Área Total log,Dormitorios,Baños,Estacionamiento,Zona_num,Municipio_num,Precio Venta log,Enlaces
4.2626798770413155,4,2,1,29,8,8.478660241699453,https://urbania.pe/inmueble/clasificado/alclcain-alquiler-de-casa-en-san-martin-pueblo-libre-4-dormitorios-145827824
4.2626798770413155,2,0,3,39,6,7.824445930877619,https://urbania.pe/inmueble/clasificado/alclcain-alquiler-de-casa-en-punta-hermosa-lima-2-dormitorios-4457313
4.454347296253507,3,2,0,22,3,8.412054873292933,https://urbania.pe/inmueble/clasificado/veclcain-venta-de-casa-en-santa-beatriz-lima-cercado-3-dormitorios-143683216
4.51085950651685,3,3,4,46,8,7.3783837129967145,https://urbania.pe/inmueble/clasificado/alclcain-alquiler-de-casa-en-chilca-canete-3-dormitorios-145096864
4.51085950651685,5,3,0,8,5,7.438971592395862,https://urbania.pe/inmueble/clasificado/alclcain-alquiler-de-casa-en-huascar-san-juan-de-lurigancho-5-a-mas-dormitorios-145204192
4.51085950651685,3,2,1,20,8,8.398634855292102,https://urbania.pe/inmueble/clasificado/alclcain-alquiler-de-casa-en-santiago-de-surco-lima-3-dormitorios-145725663
4.709530201312334,4,3,2,46,8,9.405989388981,https://urbania.pe/inmueble/clasificado/alclcain-alquiler-de-casa-en-asia-canete-4-dormitorios-145185133
4.736198448394496,4,2,0,17,8,8.676246121270838,https://urbania.pe/inmueble/clasificado/alclcain-alquiler-de-casa-en-aurora-miraflores-4-dormitorios-144727141
4.74493212836325,4,3,2,36,5,7.785720896534624,https://urbania.pe/inmueble/clasificado/alclcain-alquiler-de-casa-en-el-mirador-de-asia-pachacamac-4-dormitorios-143879506
4.7535901911063645,3,3,2,36,5,7.791109510610028,https://urbania.pe/inmueble/clasificado/alclcain-alquiler-de-casa-en-el-mirador-de-asia-pachacamac-3-dormitorios-145641607
4.795790545596741,5,2,1,20,8,8.35490952835879,https://urbania.pe/inmueble/clasificado/alclcapa-alquiler-de-casa-en-sagitario-santiago-de-surco-5-a-mas-dormitorios-145088972
4.795790545596741,4,0,0,23,3,8.612685172875459,https://urbania.pe/inmueble/clasificado/alclcain-alquiler-de-casa-en-brena-lima-4-dormitorios-145792066
4.795790545596741,6,4,2,49,8,8.15507488781144,https://urbania.pe/inmueble/clasificado/alclcain-alquiler-de-casa-en-santa-maria-huaura-5-a-mas-dormitorios-145426701
4.795790545596741,3,3,2,46,8,8.414717399827001,https://urbania.pe/inmueble/clasificado/alclcain-alquiler-de-casa-en-asia-del-mar-asia-3-dormitorios-145397296
4.795790545596741,3,0,1,7,4,7.496097345175956,https://urbania.pe/inmueble/clasificado/alclcain-alquiler-de-casa-en-los-robles-de-santa-rosa-san-martin-de-porres-3-dormitorios-145739613
4.795790545596741,2,2,2,35,6,7.741099090035366,https://urbania.pe/inmueble/clasificado/veclcain-venta-de-casa-en-las-praderas-de-lurin-lurin-2-dormitorios-145117377
4.795790545596741,4,3,2,46,8,8.820108644508608,https://urbania.pe/inmueble/clasificado/alclcain-alquiler-de-casa-en-asia-del-mar-asia-4-dormitorios-145023938
4.812184355372417,2,2,2,35,6,7.824445930877619,https://urbania.pe/inmueble/clasificado/alclcain-alquiler-de-casa-en-haway-de-jahuay-lurin-2-dormitorios-145286998
4.820281565605037,4,3,2,46,8,9.497097016351463,https://urbania.pe/inmueble/clasificado/alclcain-alquiler-de-casa-en-asia-canete-4-dormitorios-145489465
4.875197323201151,3,0,1,21,8,7.937731775260109,https://urbania.pe/inmueble/clasificado/alclcain-alquiler-de-casa-en-las-laderas-de-la-molina-la-molina-3-dormitorios-145757126
4.875197323201151,3,3,2,20,8,8.914760527397261,https://urbania.pe/inmueble/clasificado/alclcain-alquiler-de-casa-en-santiago-de-surco-lima-3-dormitorios-145628163
4.875197323201151,2,2,0,17,8,8.909370405197466,https://urbania.pe/inmueble/clasificado/alclcain-alquiler-de-casa-en-miraflores-lima-2-dormitorios-4480841
4.875197323201151,3,0,2,18,8,8.560444233410552,https://urbania.pe/inmueble/clasificado/veclcain-venta-de-casa-en-barranco-lima-3-dormitorios-145832334
4.90527477843843,3,3,2,19,8,10.983409594982758,https://urbania.pe/inmueble/clasificado/alclcain-alquiler-de-casa-en-san-borja-lima-3-dormitorios-145813481
4.919980925828125,7,2,0,19,8,9.61587214452889,https://urbania.pe/inmueble/clasificado/veclcain-venta-de-casa-en-san-borja-lima-5-a-mas-dormitorios-145417595
4.948759890378168,7,2,1,30,8,8.987321812850125,https://urbania.pe/inmueble/clasificado/alclcain-alquiler-de-casa-en-los-precursores-san-miguel-5-a-mas-dormitorios-144228853
4.948759890378168,3,0,2,20,8,8.635153989049803,https://urbania.pe/inmueble/clasificado/alclcain-alquiler-de-casa-en-los-granados-santiago-de-surco-3-dormitorios-144746217
4.948759890378168,4,3,1,30,8,8.682877107057168,https://urbania.pe/inmueble/clasificado/alclcapa-alquiler-de-casa-en-san-miguel-lima-4-dormitorios-145303660
4.948759890378168,3,3,0,14,5,7.503289630675082,https://urbania.pe/inmueble/clasificado/alclcain-alquiler-de-casa-en-el-cuadro-chaclacayo-3-dormitorios-143075317
4.948759890378168,3,2,0,38,6,7.901377353792616,https://urbania.pe/inmueble/clasificado/alclcain-alquiler-de-casa-en-13-de-octubre-san-juan-de-miraflores-3-dormitorios-142852285
4.948759890378168,4,3,2,46,8,8.804024902413179,https://urbania.pe/inmueble/clasificado/alclcain-alquiler-de-casa-en-asia-del-mar-asia-4-dormitorios-144713814
4.997212273764115,4,3,2,35,6,9.379323364330956,https://urbania.pe/inmueble/clasificado/veclcain-venta-de-casa-en-pulpos-lurin-4-dormitorios-4407207
5.003946305945459,5,4,2,46,8,8.828054536815424,https://urbania.pe/inmueble/clasificado/alclcain-alquiler-de-casa-en-asia-del-sur-asia-5-a-mas-dormitorios-145024240
5.003946305945459,4,5,2,46,8,8.828054536815424,https://urbania.pe/inmueble/clasificado/alclcain-alquiler-de-casa-en-asia-canete-4-dormitorios-143885671
5.003946305945459,4,4,2,46,8,8.828054536815424,https://urbania.pe/inmueble/clasificado/alclcain-alquiler-de-casa-en-asia-del-mar-asia-4-dormitorios-145105992
5.017279836814924,4,3,2,40,6,7.824445930877619,https://urbania.pe/inmueble/clasificado/alclcain-alquiler-de-casa-en-punta-negra-punta-negra-4-dormitorios-64167581
5.017279836814924,3,2,2,20,8,8.847503625923641,https://urbania.pe/inmueble/clasificado/alclcain-alquiler-de-casa-en-chacarilla-del-estanque-santiago-de-surco-3-dormitorios-144133595
5.017279836814924,36,3,0,31,8,9.485013189834323,https://urbania.pe/inmueble/clasificado/alclcain-alquiler-de-casa-en-surquillo-lima-5-a-mas-dormitorios-145431098
5.017279836814924,3,2,1,26,8,8.24301946898925,https://urbania.pe/inmueble/clasificado/alclcain-alquiler-de-casa-en-jesus-maria-lima-3-dormitorios-145709259
5.0369526024136295,3,0,1,12,5,7.972810784121404,https://urbania.pe/inmueble/clasificado/alclcain-alquiler-de-casa-en-salamanca-de-monterrico-ate-vitarte-3-dormitorios-145710585
5.062595033026967,4,0,1,21,8,8.160803920954665,https://urbania.pe/inmueble/clasificado/alclcain-alquiler-de-casa-en-santa-felicia-la-molina-4-dormitorios-145757632
5.081404364984463,5,3,1,18,8,8.325063693631197,https://urbania.pe/inmueble/clasificado/alclcain-alquiler-de-casa-en-barranco-lima-5-a-mas-dormitorios-145482371
5.081404364984463,6,3,2,30,8,8.909370405197466,https://urbania.pe/inmueble/clasificado/alclcain-alquiler-de-casa-en-maranga-etapa-iii-san-miguel-5-a-mas-dormitorios-145785125
5.081404364984463,4,3,2,12,5,8.398634855292102,https://urbania.pe/inmueble/clasificado/alclcain-alquiler-de-casa-en-mayorazgo-4etpa-ate-vitarte-4-dormitorios-143320749
5.081404364984463,6,2,1,30,8,8.473241303887054,https://urbania.pe/inmueble/clasificado/alclcain-alquiler-de-casa-en-pando-etapa-viii-san-miguel-5-a-mas-dormitorios-145799811
5.081404364984463,3,2,2,19,8,8.593227877692234,https://urbania.pe/inmueble/clasificado/alclcain-alquiler-de-casa-en-javier-prado-san-borja-3-dormitorios-66303342
5.081404364984463,1,3,2,30,8,8.77971129020447,https://urbania.pe/inmueble/clasificado/alclcain-alquiler-de-casa-en-maranga-san-miguel-1-dormitorio-145301983
5.111987788356544,4,2,1,28,8,8.839421607620602,https://urbania.pe/inmueble/clasificado/alclcain-alquiler-de-casa-en-orrantia-del-mar-magdalena-4-dormitorios-145440224
5.117993812416755,3,2,2,34,6,8.74369111054302,https://urbania.pe/inmueble/clasificado/alclcain-alquiler-de-casa-en-chorrillos-lima-3-dormitorios-145843321
5.123963979403259,3,3,1,20,8,8.879193928110318,https://urbania.pe/inmueble/clasificado/alclcain-alquiler-de-casa-en-chama-santiago-de-surco-3-dormitorios-145249573
5.153291594497779,4,4,2,46,8,9.314790473332646,https://urbania.pe/inmueble/clasificado/alclcain-alquiler-de-casa-en-mala-mala-4-dormitorios-145460826
5.1647859739235145,4,3,2,46,8,8.828054536815424,https://urbania.pe/inmueble/clasificado/alclcain-alquiler-de-casa-en-asia-del-sur-asia-4-dormitorios-145181286
5.1647859739235145,4,3,2,46,8,8.820108644508608,https://urbania.pe/inmueble/clasificado/alclcain-alquiler-de-casa-en-asia-del-sur-asia-4-dormitorios-145024515
5.1647859739235145,4,3,2,46,8,8.828054536815424,https://urbania.pe/inmueble/clasificado/alclcain-alquiler-de-casa-en-asia-del-sur-asia-4-dormitorios-145024255
5.1647859739235145,4,3,2,46,8,8.828054536815424,https://urbania.pe/inmueble/clasificado/alclcain-alquiler-de-casa-en-asia-del-sur-asia-4-dormitorios-143885519
5.1647859739235145,4,3,2,46,8,8.81744592104187,https://urbania.pe/inmueble/clasificado/alclcain-alquiler-de-casa-en-asia-del-sur-asia-4-dormitorios-145189481
5.1647859739235145,4,3,2,46,8,8.828054536815424,https://urbania.pe/inmueble/clasificado/alclcain-alquiler-de-casa-en-asia-del-sur-asia-4-dormitorios-143885597
5.1647859739235145,4,4,2,46,8,8.828054536815424,https://urbania.pe/inmueble/clasificado/alclcain-alquiler-de-casa-en-asia-canete-4-dormitorios-143765736
5.1647859739235145,4,3,2,46,8,8.828054536815424,https://urbania.pe/inmueble/clasificado/alclcain-alquiler-de-casa-en-asia-canete-4-dormitorios-4676854
5.1647859739235145,4,3,2,46,8,8.933400396056303,https://urbania.pe/inmueble/clasificado/alclcain-alquiler-de-casa-en-asia-del-sur-asia-4-dormitorios-141891628
5.170483995038151,3,2,1,20,8,8.325063693631197,https://urbania.pe/inmueble/clasificado/veclcain-venta-de-casa-en-santiago-de-surco-lima-3-dormitorios-145596256
5.19295685089021,4,5,1,26,8,9.34145634983372,https://urbania.pe/inmueble/clasificado/alclcain-alquiler-de-casa-en-jesus-maria-lima-4-dormitorios-145521909
5.198497031265826,5,3,1,46,8,9.61587214452889,https://urbania.pe/inmueble/clasificado/alclcain-alquiler-de-casa-en-bujama-mala-5-a-mas-dormitorios-145529610
5.198497031265826,3,3,1,30,8,8.507344855361422,https://urbania.pe/inmueble/clasificado/alclcapa-alquiler-de-casa-en-villalba-san-miguel-3-dormitorios-145625417
5.198497031265826,2,3,1,21,8,8.46611040118692,https://urbania.pe/inmueble/clasificado/alclcain-alquiler-de-casa-en-islas-del-sol-la-molina-2-dormitorios-145569352
5.198497031265826,3,2,1,28,8,8.925454386826402,https://urbania.pe/inmueble/clasificado/alclcain-alquiler-de-casa-en-magdalena-lima-3-dormitorios-145657253
5.198497031265826,2,3,1,21,8,8.434028950155469,https://urbania.pe/inmueble/clasificado/alclcain-alquiler-de-casa-en-alameda-de-los-corregidores-la-molina-2-dormitorios-66724979
5.198497031265826,4,3,1,5,4,7.989899374942939,https://urbania.pe/inmueble/clasificado/alclcain-alquiler-de-casa-en-los-olivos-lima-4-dormitorios-145608782
5.198497031265826,3,2,0,18,8,7.972810784121404,https://urbania.pe/inmueble/clasificado/alclcain-alquiler-de-casa-en-barranco-lima-3-dormitorios-145656914
5.204006687076795,5,4,1,35,6,8.191740021277457,https://urbania.pe/inmueble/clasificado/veclcain-venta-de-casa-en-arica-lurin-5-a-mas-dormitorios-144607267
5.209486152841421,6,4,2,46,8,8.229777750081887,https://urbania.pe/inmueble/clasificado/alclcain-alquiler-de-casa-en-asia-canete-5-a-mas-dormitorios-145186207
5.25227342804663,4,2,1,30,8,8.612685172875459,https://urbania.pe/inmueble/clasificado/alclcain-alquiler-de-casa-en-san-miguel-lima-4-dormitorios-145654138
5.272999558563747,5,3,3,34,6,8.90571557879409,https://urbania.pe/inmueble/clasificado/alclcain-alquiler-de-casa-en-chorrillos-lima-5-a-mas-dormitorios-145799238
5.278114659230517,4,3,2,46,8,8.398634855292102,https://urbania.pe/inmueble/clasificado/alclcain-alquiler-de-casa-en-san-antonio-canete-4-dormitorios-145418187
5.278114659230517,6,5,2,46,8,8.213652703029998,https://urbania.pe/inmueble/clasificado/alclcain-alquiler-de-casa-en-bujama-mala-5-a-mas-dormitorios-141469848
5.278114659230517,4,3,6,35,6,9.822873848541882,https://urbania.pe/inmueble/clasificado/alclcain-alquiler-de-casa-en-pulpos-lurin-4-dormitorios-145074266
5.293304824724492,4,3,2,46,8,8.621733370690162,https://urbania.pe/inmueble/clasificado/alclcain-alquiler-de-casa-en-san-antonio-canete-4-dormitorios-64689285
5.293304824724492,4,3,2,46,8,9.825580063659602,https://urbania.pe/inmueble/clasificado/alclcain-alquiler-de-casa-en-asia-canete-4-dormitorios-145058895
5.293304824724492,5,5,2,46,8,9.613202094214232,https://urbania.pe/inmueble/clasificado/alclcain-alquiler-de-casa-en-asia-canete-5-a-mas-dormitorios-144867992
5.298317366548036,5,4,7,42,8,8.131824785007195,https://urbania.pe/inmueble/clasificado/alclcain-alquiler-de-casa-en-santa-maria-del-mar-santa-maria-del-mar-5-a-mas-dormitorios-141979418
5.303304908059076,4,3,0,26,8,8.382747094863314,https://urbania.pe/inmueble/clasificado/alclcain-alquiler-de-casa-en-jesus-maria-lima-4-dormitorios-145513572
5.303304908059076,7,5,2,46,8,9.77286620732769,https://urbania.pe/inmueble/clasificado/alclcain-alquiler-de-casa-en-moravia-mala-5-a-mas-dormitorios-65367018
5.303304908059076,4,3,4,46,8,9.680406499268875,https://urbania.pe/inmueble/clasificado/veclcain-venta-de-casa-en-asia-asia-4-dormitorios-65377331
5.303304908059076,4,4,2,46,8,9.145908511816794,https://urbania.pe/inmueble/clasificado/alclcain-alquiler-de-casa-en-asia-canete-4-dormitorios-66278950
5.303304908059076,3,3,2,20,8,9.087494541977337,https://urbania.pe/inmueble/clasificado/alclcain-alquiler-de-casa-en-el-derby-santiago-de-surco-3-dormitorios-145423566
5.303304908059076,3,2,2,17,8,9.546884034617925,https://urbania.pe/inmueble/clasificado/alclcain-alquiler-de-casa-en-miraflores-lima-3-dormitorios-145803012
5.303304908059076,4,4,1,34,6,8.60813018640834,https://urbania.pe/inmueble/clasificado/alclcain-alquiler-de-casa-en-chorrillos-lima-4-dormitorios-90442942
5.303304908059076,3,2,2,20,8,8.74957394808293,https://urbania.pe/inmueble/clasificado/alclcain-alquiler-de-casa-en-higuereta-santiago-de-surco-3-dormitorios-4276910
5.303304908059076,4,3,1,20,8,8.63497622707262,https://urbania.pe/inmueble/clasificado/alclcapa-alquiler-de-casa-en-vista-alegre-santiago-de-surco-4-dormitorios-145614588
5.303304908059076,4,5,2,20,8,9.15915233520675,https://urbania.pe/inmueble/clasificado/alclcain-alquiler-de-casa-en-santiago-de-surco-lima-4-dormitorios-145771881
5.308267697401205,3,3,2,16,8,9.720225553665117,https://urbania.pe/inmueble/clasificado/veclcain-venta-de-casa-en-san-isidro-lima-3-dormitorios-142917472
5.3230099791384085,5,5,1,46,8,9.90353755128617,https://urbania.pe/inmueble/clasificado/alclcain-alquiler-de-casa-en-sarapampa-asia-5-a-mas-dormitorios-145087129
5.327876168789581,5,5,4,46,8,9.746892220313054,https://urbania.pe/inmueble/clasificado/alclcain-alquiler-de-casa-en-las-palmeras-cerro-azul-5-a-mas-dormitorios-142628198
5.3471075307174685,5,4,2,16,8,9.725556344043467,https://urbania.pe/inmueble/clasificado/alclcain-alquiler-de-casa-en-san-isidro-lima-5-a-mas-dormitorios-142928308
5.351858133476067,6,4,4,24,3,8.958154135209242,https://urbania.pe/inmueble/clasificado/alclcain-alquiler-de-casa-en-santa-catalina-la-victoria-5-a-mas-dormitorios-143366578
5.351858133476067,3,3,2,17,8,9.096723645189215,https://urbania.pe/inmueble/clasificado/alclcain-alquiler-de-casa-en-miraflores-lima-3-dormitorios-145625702
5.3612921657094255,4,3,2,18,8,9.112837790614945,https://urbania.pe/inmueble/clasificado/veclcain-venta-de-casa-en-barranco-lima-4-dormitorios-145547743
5.365976015021851,4,2,4,16,8,9.818800744368934,https://urbania.pe/inmueble/clasificado/veclcain-venta-de-casa-en-ampliacion-san-isidro-san-isidro-4-dormitorios-62977057
5.3706380281276624,6,3,0,24,3,8.81001204797317,https://urbania.pe/inmueble/clasificado/alclcain-alquiler-de-casa-en-santa-catalina-la-victoria-5-a-mas-dormitorios-145450812
5.3706380281276624,5,3,1,24,3,8.824824939175638,https://urbania.pe/inmueble/clasificado/alclcain-alquiler-de-casa-en-santa-catalina-la-victoria-5-a-mas-dormitorios-145826409
5.375278407684165,5,2,1,7,4,8.294299608857235,https://urbania.pe/inmueble/clasificado/alclcain-alquiler-de-casa-en-san-martin-de-porres-lima-5-a-mas-dormitorios-143938925
5.3981627015177525,5,0,4,25,3,8.24301946898925,https://urbania.pe/inmueble/clasificado/alclcain-alquiler-de-casa-en-del-rimac-rimac-5-a-mas-dormitorios-144568181
5.3981627015177525,5,5,0,2,4,7.496097345175956,https://urbania.pe/inmueble/clasificado/alclcain-alquiler-de-casa-en-puente-piedra-lima-5-a-mas-dormitorios-144148810
5.3981627015177525,4,3,2,46,8,9.733647773244229,https://urbania.pe/inmueble/clasificado/alclcain-alquiler-de-casa-en-asia-asia-4-dormitorios-145006330
5.41610040220442,5,4,2,46,8,10.005186372360962,https://urbania.pe/inmueble/clasificado/alclcain-alquiler-de-casa-en-moravia-mala-5-a-mas-dormitorios-141629190
5.438079308923196,13,5,1,26,8,8.77971129020447,https://urbania.pe/inmueble/clasificado/alclcain-alquiler-de-casa-en-jesus-maria-lima-5-a-mas-dormitorios-144595925
5.4680601411351315,3,2,2,35,6,8.328692583545568,https://urbania.pe/inmueble/clasificado/alclcain-alquiler-de-casa-en-haway-de-jahuay-lurin-3-dormitorios-145245991
5.476463551931511,5,5,3,46,8,10.239102278743212,https://urbania.pe/inmueble/clasificado/alclcain-alquiler-de-casa-en-cocoa-asia-5-a-mas-dormitorios-144743773
5.484796933490655,5,6,3,46,8,10.308985993422082,https://urbania.pe/inmueble/clasificado/alclcain-alquiler-de-casa-en-chilca-canete-5-a-mas-dormitorios-145261368
5.484796933490655,3,3,2,20,8,9.208438564686587,https://urbania.pe/inmueble/clasificado/alclcain-alquiler-de-casa-en-santiago-de-surco-lima-3-dormitorios-144932456
5.484796933490655,10,2,0,12,5,8.294299608857235,https://urbania.pe/inmueble/clasificado/alclcain-alquiler-de-casa-en-javier-prado-ate-vitarte-5-a-mas-dormitorios-144772032
5.484796933490655,10,0,1,32,6,9.147507062804614,https://urbania.pe/inmueble/clasificado/alclcain-alquiler-de-casa-en-villa-maria-del-triunfo-lima-5-a-mas-dormitorios-141943168
5.484796933490655,4,3,2,21,8,8.922791623969637,https://urbania.pe/inmueble/clasificado/alclcain-alquiler-de-casa-en-la-riviera-de-monterrico-la-molina-4-dormitorios-65239720
5.484796933490655,3,2,0,20,8,8.25608813381491,https://urbania.pe/inmueble/clasificado/alclcain-alquiler-de-casa-en-vista-alegre-santiago-de-surco-3-dormitorios-145838818
5.484796933490655,3,2,0,46,8,8.412054873292933,https://urbania.pe/inmueble/clasificado/alclcain-alquiler-de-casa-en-san-antonio-miraflores-3-dormitorios-145789267
5.484796933490655,3,2,1,17,8,8.916774356365426,https://urbania.pe/inmueble/clasificado/alclcain-alquiler-de-casa-en-miraflores-lima-3-dormitorios-145583624
5.497168225293202,4,2,2,20,8,9.206834232646894,https://urbania.pe/inmueble/clasificado/alclcain-alquiler-de-casa-en-santiago-de-surco-lima-4-dormitorios-145176558
5.5053315359323625,4,5,2,46,8,8.442685139241176,https://urbania.pe/inmueble/clasificado/alclcain-alquiler-de-casa-en-san-antonio-canete-4-dormitorios-13211538
5.5093883366279774,4,3,0,1,4,8.917444732471514,https://urbania.pe/inmueble/clasificado/alclcain-alquiler-de-casa-en-ancon-lima-4-dormitorios-145205321
5.5254529391317835,4,5,1,42,8,10.300954090533025,https://urbania.pe/inmueble/clasificado/alclcain-alquiler-de-casa-en-grande-santa-maria-del-mar-4-dormitorios-145094316
5.5254529391317835,2,2,2,21,8,8.624431942085836,https://urbania.pe/inmueble/clasificado/alclcain-alquiler-de-casa-en-la-planicie-la-molina-2-dormitorios-90536897
5.5254529391317835,3,2,2,34,6,9.132486932771318,https://urbania.pe/inmueble/clasificado/alclcain-alquiler-de-casa-en-chorrillos-lima-3-dormitorios-145010888
5.5254529391317835,4,3,2,20,8,8.909370405197466,https://urbania.pe/inmueble/clasificado/alclcain-alquiler-de-casa-en-santiago-de-surco-lima-4-dormitorios-145483068
5.5254529391317835,5,3,2,20,8,9.320180837655714,https://urbania.pe/inmueble/clasificado/alclcain-alquiler-de-casa-en-las-gardenias-santiago-de-surco-5-a-mas-dormitorios-143679229
5.5254529391317835,6,5,0,46,8,7.783640596221253,https://urbania.pe/inmueble/clasificado/alclcain-alquiler-de-casa-en-lobos-cerro-azul-5-a-mas-dormitorios-145528918
5.5254529391317835,1,3,2,21,8,8.517393171418904,https://urbania.pe/inmueble/clasificado/alclcain-alquiler-de-casa-en-las-lagunas-la-molina-1-dormitorio-144076356
5.5254529391317835,5,0,5,28,8,9.401043372798053,https://urbania.pe/inmueble/clasificado/alclcain-alquiler-de-casa-en-jacaranda-magdalena-5-a-mas-dormitorios-4646773
5.5254529391317835,16,12,1,3,4,8.836809882398365,https://urbania.pe/inmueble/clasificado/alclcain-alquiler-de-casa-en-el-progreso-carabayllo-5-a-mas-dormitorios-143990831
5.5254529391317835,4,4,3,46,8,8.398634855292102,https://urbania.pe/inmueble/clasificado/alclcain-alquiler-de-casa-en-cerro-azul-cerro-azul-4-dormitorios-60750511
5.5254529391317835,4,5,3,20,8,9.171703488361265,https://urbania.pe/inmueble/clasificado/alclcain-alquiler-de-casa-en-santiago-de-surco-lima-4-dormitorios-145752185
5.5254529391317835,4,4,2,46,8,8.338305731356565,https://urbania.pe/inmueble/clasificado/alclcapa-alquiler-de-casa-en-asia-bonita-asia-4-dormitorios-13191139
5.5254529391317835,6,4,5,45,8,8.268988209506656,https://urbania.pe/inmueble/clasificado/alclcain-alquiler-de-casa-en-canta-lima-5-a-mas-dormitorios-145145940
5.5254529391317835,6,4,2,7,4,7.696667081526462,https://urbania.pe/inmueble/clasificado/alclcain-alquiler-de-casa-en-cruz-azul-san-martin-de-porres-5-a-mas-dormitorios-145569471
5.53338948872752,5,4,2,31,8,8.922791623969637,https://urbania.pe/inmueble/clasificado/alclcain-alquiler-de-casa-en-la-calera-de-la-merced-surquillo-5-a-mas-dormitorios-145111966
5.545177444479562,4,3,0,23,3,8.987321812850125,https://urbania.pe/inmueble/clasificado/alclcain-alquiler-de-casa-en-brena-brena-4-dormitorios-145554424
5.545177444479562,4,4,2,21,8,9.23620303150191,https://urbania.pe/inmueble/clasificado/alclcain-alquiler-de-casa-en-la-planicie-la-molina-4-dormitorios-145616273
5.54907608489522,6,4,0,21,8,8.81744592104187,https://urbania.pe/inmueble/clasificado/alclcain-alquiler-de-casa-en-la-molina-lima-5-a-mas-dormitorios-145741045
5.54907608489522,5,5,2,46,8,9.145908511816794,https://urbania.pe/inmueble/clasificado/alclcain-alquiler-de-casa-en-asia-canete-5-a-mas-dormitorios-144827982
5.564520407322694,4,5,2,29,8,9.259225769705994,https://urbania.pe/inmueble/clasificado/alclcain-alquiler-de-casa-en-pueblo-libre-lima-4-dormitorios-144340801
5.572154032177765,5,4,2,46,8,9.322865162818028,https://urbania.pe/inmueble/clasificado/alclcain-alquiler-de-casa-en-sarapampa-asia-5-a-mas-dormitorios-145024888
5.575949103146316,12,8,10,17,8,9.852246888342531,https://urbania.pe/inmueble/clasificado/alclcain-alquiler-de-casa-en-armendariz-miraflores-5-a-mas-dormitorios-144215342
5.575949103146316,5,7,2,46,8,9.92896034850916,https://urbania.pe/inmueble/clasificado/alclcain-alquiler-de-casa-en-sarapampa-asia-5-a-mas-dormitorios-145024887
5.579729825986222,5,5,3,35,6,11.225256725762893,https://urbania.pe/inmueble/clasificado/alclcain-alquiler-de-casa-en-pulpos-lurin-5-a-mas-dormitorios-143385860
5.602118820879701,4,3,1,20,8,8.398634855292102,https://urbania.pe/inmueble/clasificado/alclcain-alquiler-de-casa-en-chacarilla-del-estanque-santiago-de-surco-4-dormitorios-145733909
5.602118820879701,5,4,2,39,6,10.540090836284206,https://urbania.pe/inmueble/clasificado/alclcain-alquiler-de-casa-en-punta-hermosa-lima-5-a-mas-dormitorios-145783765
5.6131281063880705,7,0,2,26,8,8.974744612722734,https://urbania.pe/inmueble/clasificado/alclcain-alquiler-de-casa-en-jesus-maria-lima-5-a-mas-dormitorios-144286334
5.634789603169249,3,2,1,34,6,8.621733370690162,https://urbania.pe/inmueble/clasificado/alclcain-alquiler-de-casa-en-chorrillos-lima-3-dormitorios-143953753
5.638354669333745,3,2,1,35,6,7.990576881743923,https://urbania.pe/inmueble/clasificado/alclcain-alquiler-de-casa-en-arica-lurin-3-dormitorios-145766097
5.638354669333745,4,4,3,16,8,8.922791623969637,https://urbania.pe/inmueble/clasificado/alclcain-alquiler-de-casa-en-san-isidro-lima-4-dormitorios-145660318
5.638354669333745,3,3,1,21,8,8.366602832783736,https://urbania.pe/inmueble/clasificado/alclcain-alquiler-de-casa-en-la-molina-lima-3-dormitorios-144433502
5.645446897643238,3,4,2,17,8,8.895629627136483,https://urbania.pe/inmueble/clasificado/alclcain-alquiler-de-casa-en-malecon-reserva-miraflores-3-dormitorios-145703481
5.648974238161206,3,2,2,20,8,9.60245002503719,https://urbania.pe/inmueble/clasificado/veclcain-venta-de-casa-en-general-ernesto-montagne-santiago-de-surco-3-dormitorios-145104300
5.655991810819852,3,3,2,35,6,9.623839785112668,https://urbania.pe/inmueble/clasificado/alclcain-alquiler-de-casa-en-pulpos-lurin-3-dormitorios-144561580
5.655991810819852,3,3,1,39,6,10.92415631759022,https://urbania.pe/inmueble/clasificado/alclcain-alquiler-de-casa-en-punta-hermosa-lima-3-dormitorios-145010787
5.666426688112432,6,4,1,17,8,9.043695294567236,https://urbania.pe/inmueble/clasificado/alclcain-alquiler-de-casa-en-miraflores-lima-5-a-mas-dormitorios-145783904
5.673323267171493,5,4,3,13,5,8.071218539969863,https://urbania.pe/inmueble/clasificado/alclcain-alquiler-de-casa-en-cieneguilla-cieneguilla-5-a-mas-dormitorios-63884484
5.673323267171493,3,2,3,16,8,9.118334726180159,https://urbania.pe/inmueble/clasificado/alclcain-alquiler-de-casa-en-san-isidro-lima-3-dormitorios-145171704
5.673323267171493,7,5,2,46,8,9.77286620732769,https://urbania.pe/inmueble/clasificado/alclcain-alquiler-de-casa-en-moravia-mala-5-a-mas-dormitorios-4413886
5.673323267171493,6,4,2,20,8,9.259225769705994,https://urbania.pe/inmueble/clasificado/alclcain-alquiler-de-casa-en-centro-comercial-monterrico-santiago-de-surco-5-a-mas-dormitorios-65909683
5.697093486505405,4,4,2,20,8,9.070618428801046,https://urbania.pe/inmueble/clasificado/alclcain-alquiler-de-casa-en-santa-teresa-santiago-de-surco-4-dormitorios-144480653
5.700443573390687,4,4,5,35,6,8.804024902413179,https://urbania.pe/inmueble/clasificado/alclcain-alquiler-de-casa-en-lurin-lima-4-dormitorios-144489462
5.700443573390687,4,2,1,29,8,9.132486932771318,https://urbania.pe/inmueble/clasificado/alclcain-alquiler-de-casa-en-pueblo-libre-lima-4-dormitorios-143589492
5.707110264748875,4,2,1,17,8,9.245804036251752,https://urbania.pe/inmueble/clasificado/alclcain-alquiler-de-casa-en-miraflores-lima-4-dormitorios-145010707
5.707110264748875,3,4,2,21,8,9.132486932771318,https://urbania.pe/inmueble/clasificado/alclcain-alquiler-de-casa-en-la-molina-lima-3-dormitorios-145766730
5.707110264748875,4,3,4,41,6,8.229777750081887,https://urbania.pe/inmueble/clasificado/alclcain-alquiler-de-casa-en-san-bartolo-san-bartolo-4-dormitorios-4027663
5.707110264748875,3,3,2,21,8,9.18512512283512,https://urbania.pe/inmueble/clasificado/alclcain-alquiler-de-casa-en-alameda-de-los-corregidores-la-molina-3-dormitorios-144725333
5.707110264748875,4,0,1,7,4,7.901377353792616,https://urbania.pe/inmueble/clasificado/alclcain-alquiler-de-casa-en-san-martin-de-porres-lima-4-dormitorios-143715598
5.707110264748875,5,4,3,13,5,8.160803920954665,https://urbania.pe/inmueble/clasificado/alclcain-alquiler-de-casa-en-cieneguilla-lima-5-a-mas-dormitorios-145062223
5.707110264748875,5,3,3,20,8,9.84161214881804,https://urbania.pe/inmueble/clasificado/alclcain-alquiler-de-casa-en-la-alborada-santiago-de-surco-5-a-mas-dormitorios-144974297
5.707110264748875,6,6,3,13,5,8.24301946898925,https://urbania.pe/inmueble/clasificado/alclcain-alquiler-de-casa-en-cieneguilla-lima-5-a-mas-dormitorios-145061595
5.707110264748875,6,6,3,20,8,9.291643823040218,https://urbania.pe/inmueble/clasificado/alclcain-alquiler-de-casa-en-santiago-de-surco-lima-5-a-mas-dormitorios-145518756
5.707110264748875,4,4,2,35,6,8.764209507142004,https://urbania.pe/inmueble/clasificado/alclcain-alquiler-de-casa-en-pulpos-lurin-4-dormitorios-144901664
5.707110264748875,6,5,2,46,8,9.841665338892785,https://urbania.pe/inmueble/clasificado/alclcain-alquiler-de-casa-en-farallones-asia-5-a-mas-dormitorios-145341156
5.707110264748875,4,3,3,41,6,8.922791623969637,https://urbania.pe/inmueble/clasificado/veclcain-venta-de-casa-en-san-bartolo-lima-4-dormitorios-90680144
5.707110264748875,4,3,2,21,8,8.922791623969637,https://urbania.pe/inmueble/clasificado/alclcain-alquiler-de-casa-en-la-molina-lima-4-dormitorios-145367618
5.707110264748875,3,4,6,20,8,9.328212292571072,https://urbania.pe/inmueble/clasificado/alclcain-alquiler-de-casa-en-santiago-de-surco-lima-3-dormitorios-90641202
5.707110264748875,3,3,2,20,8,8.922791623969637,https://urbania.pe/inmueble/clasificado/veclcain-venta-de-casa-en-santiago-de-surco-lima-3-dormitorios-145331135
5.707110264748875,4,3,2,21,8,9.32375833901174,https://urbania.pe/inmueble/clasificado/alclcain-alquiler-de-casa-en-rinconada-alta-la-molina-4-dormitorios-4664682
5.707110264748875,8,4,0,31,8,9.097283649683886,https://urbania.pe/inmueble/clasificado/alclcain-alquiler-de-casa-en-surquillo-lima-5-a-mas-dormitorios-145310144
5.707110264748875,6,5,4,41,6,8.648396877031582,https://urbania.pe/inmueble/clasificado/alclcain-alquiler-de-casa-en-san-bartolo-lima-5-a-mas-dormitorios-4354251
5.707110264748875,3,3,2,34,6,8.865593998902725,https://urbania.pe/inmueble/clasificado/alclcain-alquiler-de-casa-en-villa-chorrillos-3-dormitorios-65895177
5.707110264748875,3,0,2,20,8,8.914760527397261,https://urbania.pe/inmueble/clasificado/alclcain-alquiler-de-casa-en-santiago-de-surco-lima-3-dormitorios-64778353
5.707110264748875,7,4,2,34,6,8.594339400592892,https://urbania.pe/inmueble/clasificado/alclcain-alquiler-de-casa-en-los-cedros-de-villa-chorrillos-5-a-mas-dormitorios-145486890
5.707110264748875,4,4,0,34,6,8.909370405197466,https://urbania.pe/inmueble/clasificado/alclcain-alquiler-de-casa-en-las-brisas-de-villa-chorrillos-4-dormitorios-145584423
5.723585101952381,6,4,0,29,8,8.922791623969637,https://urbania.pe/inmueble/clasificado/alclcain-alquiler-de-casa-en-pueblo-libre-lima-5-a-mas-dormitorios-145789635
5.736572297479192,4,4,2,20,8,9.145908511816794,https://urbania.pe/inmueble/clasificado/alclcain-alquiler-de-casa-en-santiago-de-surco-lima-4-dormitorios-145700309
5.739792912179234,3,2,3,20,8,8.686260632531775,https://urbania.pe/inmueble/clasificado/alclcain-alquiler-de-casa-en-los-rosales-santiago-de-surco-3-dormitorios-145681917
5.739792912179234,3,3,2,17,8,9.471627133068433,https://urbania.pe/inmueble/clasificado/alclcain-alquiler-de-casa-en-miraflores-lima-3-dormitorios-145736460
5.746203190540153,8,7,2,19,8,9.328212292571072,https://urbania.pe/inmueble/clasificado/alclcain-alquiler-de-casa-en-san-borja-lima-5-a-mas-dormitorios-145707995
5.771441123130016,5,7,5,21,8,9.182557990963732,https://urbania.pe/inmueble/clasificado/alclcain-alquiler-de-casa-en-la-molina-lima-5-a-mas-dormitorios-90395380
5.771441123130016,4,3,3,46,8,9.674137279312397,https://urbania.pe/inmueble/clasificado/veclcain-venta-de-casa-en-san-antonio-miraflores-4-dormitorios-143523545
5.771441123130016,5,4,3,20,8,9.308646060760307,https://urbania.pe/inmueble/clasificado/veclcain-venta-de-casa-en-santiago-de-surco-lima-5-a-mas-dormitorios-145828637
5.771441123130016,3,2,3,17,8,9.471627133068433,https://urbania.pe/inmueble/clasificado/alclcain-alquiler-de-casa-en-miraflores-lima-3-dormitorios-145761871
5.771441123130016,3,3,3,46,8,9.683775606523614,https://urbania.pe/inmueble/clasificado/veclcain-venta-de-casa-en-san-antonio-miraflores-3-dormitorios-143518618
5.771441123130016,4,4,3,16,8,9.581972891547895,https://urbania.pe/inmueble/clasificado/veclcain-venta-de-casa-en-country-club-san-isidro-4-dormitorios-145028982
5.771441123130016,4,3,2,39,6,8.055475141757274,https://urbania.pe/inmueble/clasificado/alclcapa-alquiler-de-casa-en-punta-hermosa-lima-4-dormitorios-141500486
5.793013608384144,3,2,3,17,8,9.485013189834323,https://urbania.pe/inmueble/clasificado/alclcain-alquiler-de-casa-en-miraflores-lima-3-dormitorios-145030203
5.793013608384144,3,2,3,17,8,9.468928284223587,https://urbania.pe/inmueble/clasificado/alclcain-alquiler-de-casa-en-aurora-miraflores-3-dormitorios-144704281
5.796057750765372,15,6,0,23,3,9.546884034617925,https://urbania.pe/inmueble/clasificado/alclcain-alquiler-de-casa-en-brena-lima-5-a-mas-dormitorios-145431973
5.802118375377063,3,2,2,19,8,9.059633754551479,https://urbania.pe/inmueble/clasificado/alclcain-alquiler-de-casa-en-san-borja-lima-3-dormitorios-144124543
5.802118375377063,6,2,2,19,8,9.680406499268875,https://urbania.pe/inmueble/clasificado/alclcain-alquiler-de-casa-en-san-borja-norte-san-borja-5-a-mas-dormitorios-91057482
5.802118375377063,3,3,2,17,8,9.692828247710418,https://urbania.pe/inmueble/clasificado/alclcain-alquiler-de-casa-en-miraflores-lima-3-dormitorios-145101830
5.808142489980444,4,4,3,20,8,9.054504940418054,https://urbania.pe/inmueble/clasificado/alclcain-alquiler-de-casa-en-neptuno-santiago-de-surco-4-dormitorios-142052724
5.811140992976701,4,2,2,21,8,8.858084222199162,https://urbania.pe/inmueble/clasificado/alclcain-alquiler-de-casa-en-el-sol-de-la-molina-et1-la-molina-4-dormitorios-145010915
5.814130531825066,5,0,3,46,8,9.482350275033667,https://urbania.pe/inmueble/clasificado/veclcain-venta-de-casa-en-san-antonio-miraflores-5-a-mas-dormitorios-144523061
5.82600010738045,4,4,2,20,8,9.34145634983372,https://urbania.pe/inmueble/clasificado/veclcain-venta-de-casa-en-santiago-de-surco-lima-4-dormitorios-65977863
5.831882477283517,4,3,2,20,8,9.746892220313054,https://urbania.pe/inmueble/clasificado/alclcain-alquiler-de-casa-en-chacarilla-del-estanque-santiago-de-surco-4-dormitorios-145274500
5.831882477283517,5,5,3,46,8,10.945547126244623,https://urbania.pe/inmueble/clasificado/alclcain-alquiler-de-casa-en-san-antonio-canete-5-a-mas-dormitorios-145803008
5.834810737062605,5,0,2,46,8,9.093918908958932,https://urbania.pe/inmueble/clasificado/alclcain-alquiler-de-casa-en-san-antonio-miraflores-5-a-mas-dormitorios-145725973
5.84354441703136,10,2,6,16,8,9.83097062169695,https://urbania.pe/inmueble/clasificado/veclcain-venta-de-casa-en-san-isidro-lima-5-a-mas-dormitorios-4259998
5.860786223465865,4,4,0,21,8,9.221774749601845,https://urbania.pe/inmueble/clasificado/alclcain-alquiler-de-casa-en-la-molina-lima-4-dormitorios-145010349
5.860786223465865,4,5,2,46,8,8.291797105048733,https://urbania.pe/inmueble/clasificado/alclcain-alquiler-de-casa-en-asia-del-mar-asia-4-dormitorios-65268144
5.860786223465865,5,4,3,16,8,9.53791600808964,https://urbania.pe/inmueble/clasificado/alclcain-alquiler-de-casa-en-san-isidro-lima-5-a-mas-dormitorios-145236223
5.860786223465865,4,4,2,17,8,9.787459226476006,https://urbania.pe/inmueble/clasificado/alclcain-alquiler-de-casa-en-miraflores-lima-4-dormitorios-145722311
5.860786223465865,3,4,2,21,8,9.135185698375423,https://urbania.pe/inmueble/clasificado/alclcain-alquiler-de-casa-en-la-molina-lima-3-dormitorios-145715196
5.860786223465865,4,5,0,18,8,10.034559673629849,https://urbania.pe/inmueble/clasificado/alclcain-alquiler-de-casa-en-barranco-lima-4-dormitorios-144872748
5.860786223465865,5,5,2,16,8,9.661479683575521,https://urbania.pe/inmueble/clasificado/alclcain-alquiler-de-casa-en-san-isidro-lima-5-a-mas-dormitorios-145805053
5.860786223465865,4,4,4,21,8,9.132486932771318,https://urbania.pe/inmueble/clasificado/alclcain-alquiler-de-casa-en-rinconada-baja-la-molina-4-dormitorios-145010738
5.860786223465865,6,4,1,34,6,9.314790473332646,https://urbania.pe/inmueble/clasificado/alclcain-alquiler-de-casa-en-chorrillos-lima-5-a-mas-dormitorios-145403345
5.860786223465865,4,3,0,17,8,9.171703488361265,https://urbania.pe/inmueble/clasificado/alclcain-alquiler-de-casa-en-miraflores-lima-4-dormitorios-143530343
5.860786223465865,4,5,2,46,8,9.482350275033667,https://urbania.pe/inmueble/clasificado/alclcain-alquiler-de-casa-en-asia-canete-4-dormitorios-4134735
5.860786223465865,3,3,3,17,8,9.145908511816794,https://urbania.pe/inmueble/clasificado/veclcain-venta-de-casa-en-aurora-miraflores-3-dormitorios-143410570
5.860786223465865,3,3,2,21,8,9.33617975681533,https://urbania.pe/inmueble/clasificado/alclcain-alquiler-de-casa-en-residencial-monterrico-la-molina-3-dormitorios-145112017
5.860786223465865,4,5,4,21,8,9.004668301573977,https://urbania.pe/inmueble/clasificado/alclcain-alquiler-de-casa-en-rinconada-del-lago-etapa-ii-la-molina-4-dormitorios-143268812
5.860786223465865,5,4,4,20,8,9.012011377036412,https://urbania.pe/inmueble/clasificado/alclcain-alquiler-de-casa-en-santiago-de-surco-lima-5-a-mas-dormitorios-145667511
5.863631175598097,5,3,4,17,8,9.272469743441732,https://urbania.pe/inmueble/clasificado/veclcain-venta-de-casa-en-aurora-miraflores-5-a-mas-dormitorios-145555593
5.877735781779639,3,4,4,17,8,9.15915233520675,https://urbania.pe/inmueble/clasificado/alclcain-alquiler-de-casa-en-miraflores-lima-3-dormitorios-3884826
5.883322388488279,3,3,2,21,8,9.245804036251752,https://urbania.pe/inmueble/clasificado/alclcain-alquiler-de-casa-en-el-sol-de-la-molina-et1-la-molina-3-dormitorios-145010814
5.8888779583328805,7,3,1,26,8,9.305741456739435,https://urbania.pe/inmueble/clasificado/alclcain-alquiler-de-casa-en-oyague-jesus-maria-5-a-mas-dormitorios-145630473
5.8888779583328805,4,4,2,21,8,9.621190952360685,https://urbania.pe/inmueble/clasificado/alclcain-alquiler-de-casa-en-la-molina-lima-4-dormitorios-144620568
5.8944028342648505,5,4,3,21,8,9.062536177207788,https://urbania.pe/inmueble/clasificado/alclcain-alquiler-de-casa-en-la-molina-lima-5-a-mas-dormitorios-66098717
5.8998973535824915,4,3,4,16,8,9.733647773244229,https://urbania.pe/inmueble/clasificado/alclcain-alquiler-de-casa-en-el-palomar-san-isidro-4-dormitorios-145738164
5.929589143389895,6,4,2,21,8,8.922791623969637,https://urbania.pe/inmueble/clasificado/alclcain-alquiler-de-casa-en-rinconada-del-lago-la-molina-5-a-mas-dormitorios-4539842
5.929589143389895,4,4,3,46,8,8.267705664762426,https://urbania.pe/inmueble/clasificado/alclcain-alquiler-de-casa-en-chocalla-asia-4-dormitorios-145384182
5.934894195619588,4,4,0,17,8,9.688188155244967,https://urbania.pe/inmueble/clasificado/alclcain-alquiler-de-casa-en-miraflores-lima-4-dormitorios-145538479
5.942799375126701,5,4,4,16,8,9.546884034617925,https://urbania.pe/inmueble/clasificado/alclcain-alquiler-de-casa-en-san-isidro-lima-5-a-mas-dormitorios-145519589
5.942799375126701,5,3,1,34,6,9.392745258631441,https://urbania.pe/inmueble/clasificado/alclcain-alquiler-de-casa-en-chorrillos-lima-5-a-mas-dormitorios-145433753
5.942799375126701,3,3,2,20,8,9.070618428801046,https://urbania.pe/inmueble/clasificado/alclcain-alquiler-de-casa-en-santiago-de-surco-lima-3-dormitorios-90395035
5.942799375126701,5,3,3,46,8,9.610524895640422,https://urbania.pe/inmueble/clasificado/teclcain-alquiler-temporal-de-casa-en-bujama-mala-5-a-mas-dormitorios-4437989
5.942799375126701,6,3,5,16,8,10.239102278743212,https://urbania.pe/inmueble/clasificado/alclcain-alquiler-de-casa-en-san-isidro-lima-5-a-mas-dormitorios-145783800
5.942799375126701,4,3,2,16,8,10.244449694430193,https://urbania.pe/inmueble/clasificado/alclcain-alquiler-de-casa-en-san-isidro-lima-4-dormitorios-144133433
5.942799375126701,4,3,3,21,8,9.259225769705994,https://urbania.pe/inmueble/clasificado/alclcain-alquiler-de-casa-en-el-sol-de-la-molina-et1-la-molina-4-dormitorios-145599351
5.955837369464831,12,5,5,16,8,9.118334726180159,https://urbania.pe/inmueble/clasificado/alclcain-alquiler-de-casa-en-san-isidro-lima-5-a-mas-dormitorios-3853910
5.968707559985366,4,3,2,20,8,9.379323364330956,https://urbania.pe/inmueble/clasificado/alclcain-alquiler-de-casa-en-santiago-de-surco-lima-4-dormitorios-145246317
5.968707559985366,4,5,2,21,8,9.024131268455035,https://urbania.pe/inmueble/clasificado/veclcain-venta-de-casa-en-la-molina-lima-4-dormitorios-62034845
5.983936280687191,4,4,2,20,8,9.3502762122737,https://urbania.pe/inmueble/clasificado/alclcain-alquiler-de-casa-en-higuereta-santiago-de-surco-4-dormitorios-144519536
5.983936280687191,4,3,2,16,8,9.746892220313054,https://urbania.pe/inmueble/clasificado/veclcain-venta-de-casa-en-san-isidro-lima-4-dormitorios-144915729
5.983936280687191,4,3,3,20,8,9.210440366976517,https://urbania.pe/inmueble/clasificado/alclcain-alquiler-de-casa-en-los-jazmines-santiago-de-surco-4-dormitorios-145752388
5.988961416889864,3,2,2,16,8,9.53524597222593,https://urbania.pe/inmueble/clasificado/alclcain-alquiler-de-casa-en-san-isidro-lima-3-dormitorios-145363239
5.993961427306569,3,2,0,15,5,8.160803920954665,https://urbania.pe/inmueble/clasificado/alclcain-alquiler-de-casa-en-chosica-lurigancho-lima-3-dormitorios-145740674
5.993961427306569,6,5,2,20,8,9.148571345578551,https://urbania.pe/inmueble/clasificado/alclcain-alquiler-de-casa-en-la-castellana-santiago-de-surco-5-a-mas-dormitorios-144658374
5.993961427306569,6,2,3,16,8,9.54029139160713,https://urbania.pe/inmueble/clasificado/alclcain-alquiler-de-casa-en-san-isidro-lima-5-a-mas-dormitorios-90395443
5.993961427306569,4,5,4,21,8,9.505171826581176,https://urbania.pe/inmueble/clasificado/alclcain-alquiler-de-casa-en-la-molina-lima-4-dormitorios-91419584
5.993961427306569,6,6,8,16,8,10.230666742245749,https://urbania.pe/inmueble/clasificado/alclcain-alquiler-de-casa-en-san-isidro-lima-5-a-mas-dormitorios-145009574
5.993961427306569,6,5,2,46,8,8.699681400989514,https://urbania.pe/inmueble/clasificado/alclcain-alquiler-de-casa-en-san-vicente-de-canete-canete-5-a-mas-dormitorios-145418140
5.993961427306569,5,0,0,43,7,8.612685172875459,https://urbania.pe/inmueble/clasificado/alclcain-alquiler-de-casa-en-callao-lima-5-a-mas-dormitorios-144416208
5.993961427306569,4,4,4,16,8,9.546884034617925,https://urbania.pe/inmueble/clasificado/alclcain-alquiler-de-casa-en-corpac-san-isidro-4-dormitorios-145446914
5.993961427306569,8,4,2,20,8,8.77971129020447,https://urbania.pe/inmueble/clasificado/alclcain-alquiler-de-casa-en-prolongacion-benavides-santiago-de-surco-5-a-mas-dormitorios-4653281
5.993961427306569,6,3,3,26,8,9.952325334619427,https://urbania.pe/inmueble/clasificado/veclcain-venta-de-casa-en-jesus-maria-lima-5-a-mas-dormitorios-144384132
5.993961427306569,4,3,2,17,8,9.259225769705994,https://urbania.pe/inmueble/clasificado/alclcain-alquiler-de-casa-en-aurora-miraflores-4-dormitorios-144572296
6.0014148779611505,5,4,2,20,8,9.243097936214355,https://urbania.pe/inmueble/clasificado/alclcain-alquiler-de-casa-en-santiago-de-surco-lima-5-a-mas-dormitorios-143247372
6.003887067106539,5,2,4,17,8,9.314790473332646,https://urbania.pe/inmueble/clasificado/alclcain-alquiler-de-casa-en-miraflores-lima-5-a-mas-dormitorios-145010582
6.0063531596017325,3,3,4,16,8,9.832045255081763,https://urbania.pe/inmueble/clasificado/alclcain-alquiler-de-casa-en-san-isidro-lima-3-dormitorios-145533283
6.016157159698354,4,3,4,16,8,9.852246888342531,https://urbania.pe/inmueble/clasificado/alclcain-alquiler-de-casa-en-san-isidro-lima-4-dormitorios-90395172
6.016157159698354,4,3,4,16,8,9.852246888342531,https://urbania.pe/inmueble/clasificado/alclcain-alquiler-de-casa-en-san-isidro-lima-4-dormitorios-145009641
6.028278520230698,6,2,2,20,8,9.852246888342531,https://urbania.pe/inmueble/clasificado/alclcain-alquiler-de-casa-en-santiago-de-surco-lima-5-a-mas-dormitorios-145537452
6.037870919922137,5,5,6,13,5,7.67368812926773,https://urbania.pe/inmueble/clasificado/alclcain-alquiler-de-casa-en-cieneguilla-cieneguilla-5-a-mas-dormitorios-144556023
6.037870919922137,4,2,1,17,8,9.388653907372598,https://urbania.pe/inmueble/clasificado/alclcain-alquiler-de-casa-en-miraflores-lima-4-dormitorios-142779335
6.040254711277414,4,0,2,20,8,9.236105579862208,https://urbania.pe/inmueble/clasificado/alclcain-alquiler-de-casa-en-santiago-de-surco-lima-4-dormitorios-145779652
6.042632833682381,4,4,3,16,8,10.440010162389305,https://urbania.pe/inmueble/clasificado/alclcain-alquiler-de-casa-en-san-isidro-lima-4-dormitorios-4367432
6.042632833682381,4,4,8,16,8,10.41873339273561,https://urbania.pe/inmueble/clasificado/alclcain-alquiler-de-casa-en-san-isidro-lima-4-dormitorios-144287074
6.045005314036012,5,4,4,17,8,9.1958356857733,https://urbania.pe/inmueble/clasificado/alclcain-alquiler-de-casa-en-miraflores-lima-5-a-mas-dormitorios-143958192
6.056784013228625,7,5,4,16,8,9.468928284223587,https://urbania.pe/inmueble/clasificado/veclcain-venta-de-casa-en-san-isidro-lima-5-a-mas-dormitorios-4055495
6.066108090103747,4,4,3,17,8,9.253878673990666,https://urbania.pe/inmueble/clasificado/alclcain-alquiler-de-casa-en-miraflores-lima-4-dormitorios-144678761
6.07993319509559,4,3,2,21,8,9.674765972907856,https://urbania.pe/inmueble/clasificado/alclcain-alquiler-de-casa-en-la-molina-lima-4-dormitorios-144811891
6.089044875446846,8,4,6,20,8,9.472781556562168,https://urbania.pe/inmueble/clasificado/alclcain-alquiler-de-casa-en-santiago-de-surco-lima-5-a-mas-dormitorios-145057575
6.111467339502679,4,6,4,20,8,9.495594499353297,https://urbania.pe/inmueble/clasificado/alclcain-alquiler-de-casa-en-chacarilla-del-estanque-santiago-de-surco-4-dormitorios-4052339
6.111467339502679,7,8,4,17,8,9.833655042937448,https://urbania.pe/inmueble/clasificado/veclcain-venta-de-casa-en-miraflores-lima-5-a-mas-dormitorios-145460933
6.111467339502679,4,4,2,20,8,9.33087517360492,https://urbania.pe/inmueble/clasificado/alclcain-alquiler-de-casa-en-alamos-santiago-de-surco-4-dormitorios-144980924
6.111467339502679,6,2,1,21,8,9.15915233520675,https://urbania.pe/inmueble/clasificado/alclcain-alquiler-de-casa-en-la-molina-lima-5-a-mas-dormitorios-143098149
6.111467339502679,4,4,2,21,8,9.140561477368266,https://urbania.pe/inmueble/clasificado/alclcain-alquiler-de-casa-en-el-sol-de-la-molina-et2-la-molina-4-dormitorios-145616009
6.111467339502679,6,6,4,46,8,9.852246888342531,https://urbania.pe/inmueble/clasificado/teclcain-alquiler-temporal-de-casa-en-san-vicente-de-canete-canete-5-a-mas-dormitorios-65828136
6.12029741895095,4,4,3,21,8,9.787459226476006,https://urbania.pe/inmueble/clasificado/alclcain-alquiler-de-casa-en-la-planicie-la-molina-4-dormitorios-145781198
6.129050210060545,3,3,3,20,8,9.62911649414402,https://urbania.pe/inmueble/clasificado/alclcain-alquiler-de-casa-en-santiago-de-surco-lima-3-dormitorios-142155248
6.133398042996649,4,3,0,37,6,10.25769445336048,https://urbania.pe/inmueble/clasificado/alclcain-alquiler-de-casa-en-pucusana-lima-4-dormitorios-144873087
6.152732694704104,4,3,3,21,8,9.741615472609583,https://urbania.pe/inmueble/clasificado/veclcain-venta-de-casa-en-la-pradera-la-molina-4-dormitorios-4385890
6.154858094016418,8,5,2,19,8,9.350189267092581,https://urbania.pe/inmueble/clasificado/alclcain-alquiler-de-casa-en-san-borja-norte-san-borja-5-a-mas-dormitorios-145677822
6.175867270105761,4,4,0,38,6,9.392745258631441,https://urbania.pe/inmueble/clasificado/alclcain-alquiler-de-casa-en-san-juan-de-miraflores-lima-4-dormitorios-144717841
6.1779441140506,4,3,4,17,8,9.210440366976517,https://urbania.pe/inmueble/clasificado/alclcain-alquiler-de-casa-en-miraflores-lima-4-dormitorios-145816656
6.2166061010848646,4,4,4,21,8,9.519000850813155,https://urbania.pe/inmueble/clasificado/alclcain-alquiler-de-casa-en-la-molina-lima-4-dormitorios-145009975
6.2166061010848646,5,3,2,20,8,9.239996256883693,https://urbania.pe/inmueble/clasificado/alclcain-alquiler-de-casa-en-vista-alegre-santiago-de-surco-5-a-mas-dormitorios-145113852
6.2166061010848646,4,4,3,16,8,10.244343025867096,https://urbania.pe/inmueble/clasificado/alclcain-alquiler-de-casa-en-san-isidro-lima-4-dormitorios-141649813
6.2166061010848646,4,3,4,20,8,9.970959267651141,https://urbania.pe/inmueble/clasificado/alclcain-alquiler-de-casa-en-santiago-de-surco-lima-4-dormitorios-145010350
6.2166061010848646,4,4,2,21,8,9.248502833070532,https://urbania.pe/inmueble/clasificado/alclcain-alquiler-de-casa-en-el-sol-de-la-molina-et1-la-molina-4-dormitorios-145708846
6.2166061010848646,8,0,0,16,8,9.920885329712549,https://urbania.pe/inmueble/clasificado/alclcain-alquiler-de-casa-en-orrantia-san-isidro-5-a-mas-dormitorios-145475068
6.2166061010848646,8,4,3,39,6,10.413342705547674,https://urbania.pe/inmueble/clasificado/alclcain-alquiler-de-casa-en-punta-hermosa-punta-hermosa-5-a-mas-dormitorios-145310434
6.2166061010848646,5,3,3,21,8,8.987321812850125,https://urbania.pe/inmueble/clasificado/veclcain-venta-de-casa-en-el-sol-de-la-molina-et1-la-molina-5-a-mas-dormitorios-4074388
6.2166061010848646,4,5,3,42,8,10.001203926042198,https://urbania.pe/inmueble/clasificado/alclcain-alquiler-de-casa-en-santa-maria-del-mar-santa-maria-del-mar-4-dormitorios-62995394
6.2166061010848646,4,4,4,21,8,9.65252306301951,https://urbania.pe/inmueble/clasificado/alclcain-alquiler-de-casa-en-la-molina-lima-4-dormitorios-145010364
6.2166061010848646,6,5,2,16,8,10.007892611890918,https://urbania.pe/inmueble/clasificado/alclcain-alquiler-de-casa-en-el-olivar-san-isidro-5-a-mas-dormitorios-143615745
6.2166061010848646,5,2,2,21,8,8.922791623969637,https://urbania.pe/inmueble/clasificado/alclcain-alquiler-de-casa-en-el-sol-de-la-molina-et1-la-molina-5-a-mas-dormitorios-145599144
6.2166061010848646,15,10,0,23,3,10.16203685698089,https://urbania.pe/inmueble/clasificado/alclcain-alquiler-de-casa-en-brena-lima-5-a-mas-dormitorios-60975138
6.2166061010848646,4,4,2,21,8,9.32375833901174,https://urbania.pe/inmueble/clasificado/alclcain-alquiler-de-casa-en-la-molina-vieja-la-molina-4-dormitorios-145209963
6.230481447578482,5,4,3,34,6,9.87822102528824,https://urbania.pe/inmueble/clasificado/alclcain-alquiler-de-casa-en-chorrillos-lima-5-a-mas-dormitorios-145009573
6.2324480165505225,5,4,4,21,8,9.510889310134788,https://urbania.pe/inmueble/clasificado/veclcain-venta-de-casa-en-las-lagunas-la-molina-5-a-mas-dormitorios-4244088
6.236369590203704,5,4,2,17,8,10.231027154561334,https://urbania.pe/inmueble/clasificado/alclcain-alquiler-de-casa-en-rosedal-miraflores-5-a-mas-dormitorios-145121473
6.2422232654551655,5,7,7,46,8,8.03947991910045,https://urbania.pe/inmueble/clasificado/alclcain-alquiler-de-casa-en-sarapampa-asia-5-a-mas-dormitorios-145464615
6.26530121273771,13,30,4,27,8,9.741027444837728,https://urbania.pe/inmueble/clasificado/alclcain-alquiler-de-casa-en-lince-lima-5-a-mas-dormitorios-145303383
6.267200548541362,10,4,8,26,8,10.10401732897875,https://urbania.pe/inmueble/clasificado/alclcain-alquiler-de-casa-en-jesus-maria-lima-5-a-mas-dormitorios-143173207
6.269096283706261,3,3,1,16,8,9.733647773244229,https://urbania.pe/inmueble/clasificado/veclcain-venta-de-casa-en-corpac-san-isidro-3-dormitorios-145803404
6.280395838960195,5,6,5,16,8,9.952325334619427,https://urbania.pe/inmueble/clasificado/veclcain-venta-de-casa-en-san-isidro-lima-5-a-mas-dormitorios-4361575
6.282266746896006,4,5,2,21,8,9.317489287493226,https://urbania.pe/inmueble/clasificado/alclcain-alquiler-de-casa-en-la-molina-vieja-la-molina-4-dormitorios-145714940
6.293419278846481,5,5,4,16,8,9.798182590890704,https://urbania.pe/inmueble/clasificado/alclcain-alquiler-de-casa-en-orrantia-san-isidro-5-a-mas-dormitorios-142157281
6.311734809152915,3,4,6,16,8,9.798182590890704,https://urbania.pe/inmueble/clasificado/alclcain-alquiler-de-casa-en-san-isidro-lima-3-dormitorios-91058849
6.311734809152915,4,4,6,16,8,9.798182590890704,https://urbania.pe/inmueble/clasificado/alclcain-alquiler-de-casa-en-san-isidro-lima-4-dormitorios-4613380
6.311734809152915,7,6,0,17,8,10.16203685698089,https://urbania.pe/inmueble/clasificado/veclcain-venta-de-casa-en-miraflores-lima-5-a-mas-dormitorios-145815073
6.311734809152915,4,4,2,16,8,10.916923143796645,https://urbania.pe/inmueble/clasificado/alclcain-alquiler-de-casa-en-san-isidro-lima-4-dormitorios-145108049
6.311734809152915,4,6,8,39,6,10.714439990727769,https://urbania.pe/inmueble/clasificado/alclcain-alquiler-de-casa-en-punta-hermosa-lima-4-dormitorios-142517655
6.311734809152915,15,10,2,17,8,10.212111309194738,https://urbania.pe/inmueble/clasificado/alclcain-alquiler-de-casa-en-aurora-miraflores-5-a-mas-dormitorios-145009828
6.311734809152915,4,4,3,21,8,9.412791300065303,https://urbania.pe/inmueble/clasificado/alclcain-alquiler-de-casa-en-el-sol-de-la-molina-et3-la-molina-4-dormitorios-145829245
6.311734809152915,5,5,3,17,8,10.188704088048116,https://urbania.pe/inmueble/clasificado/alclcain-alquiler-de-casa-en-miraflores-lima-5-a-mas-dormitorios-143800269
6.322565239927284,6,5,6,46,8,10.087931854711062,https://urbania.pe/inmueble/clasificado/alclcain-alquiler-de-casa-en-misterio-asia-5-a-mas-dormitorios-145010929
6.3473892096560105,8,5,6,16,8,10.53212287826962,https://urbania.pe/inmueble/clasificado/alclcain-alquiler-de-casa-en-san-isidro-lima-5-a-mas-dormitorios-144536885
6.3473892096560105,3,3,4,34,6,9.314790473332646,https://urbania.pe/inmueble/clasificado/alclcain-alquiler-de-casa-en-la-encantada-de-villa-chorrillos-3-dormitorios-145831921
6.3578422665081,4,3,2,16,8,9.314790473332646,https://urbania.pe/inmueble/clasificado/veclcain-venta-de-casa-en-san-isidro-lima-4-dormitorios-4196494
6.364750756851911,4,4,5,16,8,10.298262389436102,https://urbania.pe/inmueble/clasificado/alclcain-alquiler-de-casa-en-san-isidro-lima-4-dormitorios-141740413
6.364750756851911,4,5,0,17,8,10.133050455652521,https://urbania.pe/inmueble/clasificado/veclcain-venta-de-casa-en-miraflores-lima-4-dormitorios-4279311
6.364750756851911,4,3,2,17,8,9.844851577051172,https://urbania.pe/inmueble/clasificado/veclcain-venta-de-casa-en-aurora-miraflores-4-dormitorios-144220014
6.364750756851911,3,2,2,36,5,8.209580483475577,https://urbania.pe/inmueble/clasificado/alclcain-alquiler-de-casa-en-casa-blanca-pachacamac-3-dormitorios-145437516
6.3835066348840055,22,0,5,17,8,10.71710304904691,https://urbania.pe/inmueble/clasificado/alclcain-alquiler-de-casa-en-miraflores-lima-5-a-mas-dormitorios-145432549
6.395261598115449,4,4,6,16,8,9.61587214452889,https://urbania.pe/inmueble/clasificado/alclcain-alquiler-de-casa-en-el-palomar-san-isidro-4-dormitorios-145719902
6.398594934535208,10,6,4,16,8,9.852246888342531,https://urbania.pe/inmueble/clasificado/alclcain-alquiler-de-casa-en-san-isidro-lima-5-a-mas-dormitorios-145259749
6.398594934535208,4,4,2,21,8,9.720225553665117,https://urbania.pe/inmueble/clasificado/alclcain-alquiler-de-casa-en-la-molina-lima-4-dormitorios-145010603
6.398594934535208,4,6,2,17,8,10.146472946063877,https://urbania.pe/inmueble/clasificado/veclcain-venta-de-casa-en-aurora-miraflores-4-dormitorios-3985780
6.398594934535208,6,4,3,21,8,9.15915233520675,https://urbania.pe/inmueble/clasificado/alclcain-alquiler-de-casa-en-la-molina-lima-5-a-mas-dormitorios-145767944
6.398594934535208,5,5,4,21,8,9.472781556562168,https://urbania.pe/inmueble/clasificado/veclcain-venta-de-casa-en-el-sol-de-la-molina-et2-la-molina-5-a-mas-dormitorios-145817018
6.398594934535208,3,2,3,21,8,9.301186055275759,https://urbania.pe/inmueble/clasificado/veclcain-venta-de-casa-en-residencial-monterrico-la-molina-3-dormitorios-4589720
6.398594934535208,3,4,2,1,4,10.176106747310863,https://urbania.pe/inmueble/clasificado/alclcain-alquiler-de-casa-en-ancon-lima-3-dormitorios-145022788
6.398594934535208,5,5,4,21,8,10.007892611890918,https://urbania.pe/inmueble/clasificado/veclcain-venta-de-casa-en-rinconada-baja-la-molina-5-a-mas-dormitorios-145233657
6.398594934535208,9,6,6,16,8,10.021315031649332,https://urbania.pe/inmueble/clasificado/alclcain-alquiler-de-casa-en-san-isidro-lima-5-a-mas-dormitorios-145645679
6.398594934535208,6,6,6,16,8,9.568084743872936,https://urbania.pe/inmueble/clasificado/alclcain-alquiler-de-casa-en-corpac-san-isidro-5-a-mas-dormitorios-60668153
6.398594934535208,4,3,4,34,6,9.314790473332646,https://urbania.pe/inmueble/clasificado/alclcain-alquiler-de-casa-en-las-brisas-de-villa-chorrillos-4-dormitorios-145512756
6.398594934535208,3,2,2,20,8,9.492959650085501,https://urbania.pe/inmueble/clasificado/alclcain-alquiler-de-casa-en-chacarilla-del-estanque-santiago-de-surco-3-dormitorios-145202370
6.403574197934815,3,3,4,16,8,10.545367754151743,https://urbania.pe/inmueble/clasificado/alclcain-alquiler-de-casa-en-san-isidro-lima-3-dormitorios-145401210
6.423246963533519,5,4,3,16,8,10.239995502805316,https://urbania.pe/inmueble/clasificado/veclcain-venta-de-casa-en-san-isidro-lima-5-a-mas-dormitorios-142995441
6.428105272684596,4,3,2,21,8,8.971575439759016,https://urbania.pe/inmueble/clasificado/alclcain-alquiler-de-casa-en-alameda-de-los-corregidores-la-molina-4-dormitorios-145379701
6.444131256700441,4,4,4,20,8,9.564582358673212,https://urbania.pe/inmueble/clasificado/alclcain-alquiler-de-casa-en-golf-los-incas-santiago-de-surco-4-dormitorios-145688636
6.447305862541213,4,3,2,20,8,9.495594499353297,https://urbania.pe/inmueble/clasificado/alclcain-alquiler-de-casa-en-santiago-de-surco-lima-4-dormitorios-145010684
6.448889394146858,4,6,4,21,8,9.670293665368417,https://urbania.pe/inmueble/clasificado/alclcain-alquiler-de-casa-en-el-sol-de-la-molina-et1-la-molina-4-dormitorios-145729205
6.46302945692067,4,4,3,21,8,10.018377518410084,https://urbania.pe/inmueble/clasificado/veclcain-venta-de-casa-en-la-planicie-la-molina-4-dormitorios-145344622
6.46302945692067,9,5,0,20,8,9.472781556562168,https://urbania.pe/inmueble/clasificado/alclcain-alquiler-de-casa-en-valle-hermoso-santiago-de-surco-5-a-mas-dormitorios-144149405
6.478509642208569,4,5,4,21,8,9.825580063659602,https://urbania.pe/inmueble/clasificado/alclcain-alquiler-de-casa-en-la-planicie-la-molina-4-dormitorios-145010758
6.478509642208569,11,6,4,21,8,9.825580063659602,https://urbania.pe/inmueble/clasificado/alclcain-alquiler-de-casa-en-la-molina-lima-5-a-mas-dormitorios-145337009
6.490723534502507,4,4,5,16,8,10.315961375454851,https://urbania.pe/inmueble/clasificado/alclcain-alquiler-de-casa-en-san-isidro-lima-4-dormitorios-145009600
6.508769136971682,4,4,3,21,8,9.779340559793246,https://urbania.pe/inmueble/clasificado/veclcain-venta-de-casa-en-la-planicie-la-molina-4-dormitorios-143589605
6.516193076042964,7,0,0,17,8,10.299205309189412,https://urbania.pe/inmueble/clasificado/alclcain-alquiler-de-casa-en-miraflores-lima-5-a-mas-dormitorios-145583733
6.523562306149512,3,3,2,1,4,10.176106747310863,https://urbania.pe/inmueble/clasificado/alclcain-alquiler-de-casa-en-ancon-lima-3-dormitorios-145020261
6.523562306149512,4,4,2,21,8,9.276876895776427,https://urbania.pe/inmueble/clasificado/veclcain-venta-de-casa-en-la-molina-lima-4-dormitorios-145813085
6.55250788703459,3,3,3,21,8,9.766407011987761,https://urbania.pe/inmueble/clasificado/veclcain-venta-de-casa-en-la-planicie-la-molina-3-dormitorios-145734283
6.55250788703459,3,3,2,21,8,8.906664409770052,https://urbania.pe/inmueble/clasificado/alclcain-alquiler-de-casa-en-el-sol-de-la-molina-et3-la-molina-3-dormitorios-62229645
6.55250788703459,4,4,0,21,8,9.575052927597383,https://urbania.pe/inmueble/clasificado/alclcain-alquiler-de-casa-en-la-molina-lima-4-dormitorios-144651845
6.55250788703459,5,5,5,16,8,10.545367754151743,https://urbania.pe/inmueble/clasificado/alclcain-alquiler-de-casa-en-san-isidro-lima-5-a-mas-dormitorios-145212070
6.55250788703459,4,5,4,21,8,9.741027444837728,https://urbania.pe/inmueble/clasificado/alclcain-alquiler-de-casa-en-la-molina-lima-4-dormitorios-145282641
6.55250788703459,4,4,3,21,8,9.623839785112668,https://urbania.pe/inmueble/clasificado/alclcain-alquiler-de-casa-en-la-planicie-la-molina-4-dormitorios-144275542
6.580639137284949,7,6,4,16,8,10.01596766362013,https://urbania.pe/inmueble/clasificado/alclcain-alquiler-de-casa-en-san-isidro-lima-5-a-mas-dormitorios-143723787
6.580639137284949,5,4,3,19,8,9.60245002503719,https://urbania.pe/inmueble/clasificado/veclcain-venta-de-casa-en-chacarilla-san-borja-5-a-mas-dormitorios-145152405
6.594413459749778,6,4,4,16,8,10.16203685698089,https://urbania.pe/inmueble/clasificado/veclcain-venta-de-casa-en-orrantia-san-isidro-5-a-mas-dormitorios-4673526
6.60934924316738,5,5,5,16,8,10.518700218288165,https://urbania.pe/inmueble/clasificado/veclcain-venta-de-casa-en-san-isidro-lima-5-a-mas-dormitorios-145212228
6.621405651764134,4,4,5,21,8,9.294773427951013,https://urbania.pe/inmueble/clasificado/alclcain-alquiler-de-casa-en-la-molina-lima-4-dormitorios-145010543
6.621405651764134,5,7,5,16,8,10.305647203635566,https://urbania.pe/inmueble/clasificado/alclcain-alquiler-de-casa-en-golf-san-isidro-5-a-mas-dormitorios-145833006
6.645090969505644,10,6,6,16,8,9.899027621814035,https://urbania.pe/inmueble/clasificado/alclcain-alquiler-de-casa-en-santa-ana-san-isidro-5-a-mas-dormitorios-4008669
6.645090969505644,10,6,6,16,8,9.899027621814035,https://urbania.pe/inmueble/clasificado/alclcain-alquiler-de-casa-en-santa-ana-san-isidro-5-a-mas-dormitorios-64067649
6.647688373563329,14,4,12,24,3,9.60245002503719,https://urbania.pe/inmueble/clasificado/alclcain-alquiler-de-casa-en-santa-catalina-la-victoria-5-a-mas-dormitorios-145719458
6.660575149839686,5,6,4,21,8,9.519000850813155,https://urbania.pe/inmueble/clasificado/alclcain-alquiler-de-casa-en-la-molina-lima-5-a-mas-dormitorios-145009878
6.673297967767654,4,3,2,20,8,8.624431942085836,https://urbania.pe/inmueble/clasificado/alclcain-alquiler-de-casa-en-los-alamos-de-monterrico-santiago-de-surco-4-dormitorios-145702789
6.68586094706836,5,7,3,21,8,9.717218213494077,https://urbania.pe/inmueble/clasificado/alclcain-alquiler-de-casa-en-camacho-la-molina-5-a-mas-dormitorios-13334851
6.68586094706836,4,4,6,21,8,9.590556045830896,https://urbania.pe/inmueble/clasificado/alclcain-alquiler-de-casa-en-rinconada-alta-etapa-i-la-molina-4-dormitorios-142002038
6.68586094706836,4,4,10,20,8,9.62911649414402,https://urbania.pe/inmueble/clasificado/alclcain-alquiler-de-casa-en-santiago-de-surco-lima-4-dormitorios-145009595
6.7464121285733745,4,3,3,21,8,10.005186372360962,https://urbania.pe/inmueble/clasificado/veclcain-venta-de-casa-en-la-molina-lima-4-dormitorios-144670690
6.7464121285733745,9,9,4,18,8,10.545367754151743,https://urbania.pe/inmueble/clasificado/alclcain-alquiler-de-casa-en-barranco-lima-5-a-mas-dormitorios-145650088
6.75110146893676,10,11,0,17,8,9.546884034617925,https://urbania.pe/inmueble/clasificado/alclcain-alquiler-de-casa-en-miraflores-lima-5-a-mas-dormitorios-144821463
6.7661917146603505,27,6,8,16,8,10.013283218359012,https://urbania.pe/inmueble/clasificado/alclcain-alquiler-de-casa-en-country-club-san-isidro-5-a-mas-dormitorios-144199468
6.769641976852503,15,18,2,17,8,10.17545936253226,https://urbania.pe/inmueble/clasificado/alclcain-alquiler-de-casa-en-miraflores-lima-5-a-mas-dormitorios-145132383
6.775366090936392,3,3,2,21,8,9.468928284223587,https://urbania.pe/inmueble/clasificado/alclcain-alquiler-de-casa-en-la-molina-lima-3-dormitorios-145010672
6.803505257608338,3,3,4,16,8,10.322230781590136,https://urbania.pe/inmueble/clasificado/alclcain-alquiler-de-casa-en-san-isidro-lima-3-dormitorios-145009579
6.803505257608338,22,22,0,17,8,10.725049935309642,https://urbania.pe/inmueble/clasificado/alclcain-alquiler-de-casa-en-miraflores-lima-5-a-mas-dormitorios-145098722
6.810142450115136,5,4,4,21,8,9.680406499268875,https://urbania.pe/inmueble/clasificado/veclcain-venta-de-casa-en-la-pradera-la-molina-5-a-mas-dormitorios-4630668
6.82001636467413,4,4,4,16,8,10.691967639914864,https://urbania.pe/inmueble/clasificado/alclcain-alquiler-de-casa-en-san-gabriel-san-isidro-4-dormitorios-145323296
6.835184586147301,4,4,6,21,8,9.267193183568965,https://urbania.pe/inmueble/clasificado/alclcain-alquiler-de-casa-en-la-planicie-la-molina-4-dormitorios-67063145
6.85751406254539,5,3,3,20,8,10.098684201799387,https://urbania.pe/inmueble/clasificado/veclcain-venta-de-casa-en-santiago-de-surco-lima-5-a-mas-dormitorios-144437973
6.8885724595653635,24,3,17,17,8,10.498498062527567,https://urbania.pe/inmueble/clasificado/alclcain-alquiler-de-casa-en-miraflores-lima-5-a-mas-dormitorios-142736240
6.90875477931522,4,3,7,35,6,9.84771053706713,https://urbania.pe/inmueble/clasificado/alclcain-alquiler-de-casa-en-arica-lurin-4-dormitorios-142158027
6.90875477931522,3,4,2,21,8,9.456027887725288,https://urbania.pe/inmueble/clasificado/alclcain-alquiler-de-casa-en-la-molina-vieja-la-molina-3-dormitorios-145509656
6.90875477931522,4,4,4,21,8,9.490317840042412,https://urbania.pe/inmueble/clasificado/alclcain-alquiler-de-casa-en-rinconada-baja-la-molina-4-dormitorios-145497374
6.90875477931522,4,4,12,20,8,10.007892611890918,https://urbania.pe/inmueble/clasificado/alclcain-alquiler-de-casa-en-santiago-de-surco-lima-4-dormitorios-145009854
6.90875477931522,5,5,2,13,5,8.006700845440367,https://urbania.pe/inmueble/clasificado/alclcain-alquiler-de-casa-en-cieneguilla-lima-5-a-mas-dormitorios-144672169
6.90875477931522,4,4,3,21,8,9.674765972907856,https://urbania.pe/inmueble/clasificado/alclcain-alquiler-de-casa-en-la-molina-vieja-la-molina-4-dormitorios-145786190
6.90875477931522,4,5,2,21,8,10.138006161871843,https://urbania.pe/inmueble/clasificado/alclcain-alquiler-de-casa-en-la-molina-lima-4-dormitorios-145009777
6.90875477931522,6,6,5,46,8,7.601402334583733,https://urbania.pe/inmueble/clasificado/alclcain-alquiler-de-casa-en-san-antonio-canete-5-a-mas-dormitorios-144555917
6.90875477931522,6,5,4,21,8,9.495594499353297,https://urbania.pe/inmueble/clasificado/alclcain-alquiler-de-casa-en-la-estancia-la-molina-5-a-mas-dormitorios-4543083
6.90875477931522,4,5,4,21,8,10.316953898529778,https://urbania.pe/inmueble/clasificado/alclcain-alquiler-de-casa-en-residencial-monterrico-la-molina-4-dormitorios-145112001
6.90875477931522,6,8,6,21,8,10.545367754151743,https://urbania.pe/inmueble/clasificado/alclcain-alquiler-de-casa-en-la-molina-lima-5-a-mas-dormitorios-144873092
6.90875477931522,3,5,4,35,6,8.936035096566041,https://urbania.pe/inmueble/clasificado/alclcain-alquiler-de-casa-en-paso-chico-lurin-3-dormitorios-142680437
6.90875477931522,4,3,3,21,8,9.320180837655714,https://urbania.pe/inmueble/clasificado/alclcain-alquiler-de-casa-en-molina-vieja-la-molina-4-dormitorios-91197175
6.90875477931522,5,4,4,21,8,9.761001904239373,https://urbania.pe/inmueble/clasificado/alclcain-alquiler-de-casa-en-la-molina-lima-5-a-mas-dormitorios-145768566
6.910750787961936,5,4,0,13,5,8.773539383558166,https://urbania.pe/inmueble/clasificado/alclcain-alquiler-de-casa-en-cieneguilla-lima-5-a-mas-dormitorios-144872987
6.912742820493176,3,4,4,35,6,9.132486932771318,https://urbania.pe/inmueble/clasificado/alclcain-alquiler-de-casa-en-paso-chico-lurin-3-dormitorios-145212800
6.918695219020472,4,4,3,21,8,9.468928284223587,https://urbania.pe/inmueble/clasificado/alclcain-alquiler-de-casa-en-la-estancia-la-molina-4-dormitorios-145010826
6.920671504248683,6,6,3,13,5,8.268988209506656,https://urbania.pe/inmueble/clasificado/alclcain-alquiler-de-casa-en-cieneguilla-cieneguilla-5-a-mas-dormitorios-144555911
6.931471805599453,4,4,8,21,8,9.076008659180891,https://urbania.pe/inmueble/clasificado/alclcain-alquiler-de-casa-en-el-sol-de-la-molina-et1-la-molina-4-dormitorios-90455720
6.93828448401696,5,5,5,20,8,9.94755228369823,https://urbania.pe/inmueble/clasificado/veclcain-venta-de-casa-en-santiago-de-surco-lima-5-a-mas-dormitorios-143064894
6.945051063725834,4,4,2,35,6,8.804024902413179,https://urbania.pe/inmueble/clasificado/alclcain-alquiler-de-casa-en-paso-chico-lurin-4-dormitorios-143414185
6.952728644624869,4,6,8,21,8,9.746892220313054,https://urbania.pe/inmueble/clasificado/alclcain-alquiler-de-casa-en-la-planicie-la-molina-4-dormitorios-4516029
6.956545443151569,4,7,4,18,8,10.597409432938644,https://urbania.pe/inmueble/clasificado/alclcain-alquiler-de-casa-en-barranco-lima-4-dormitorios-145328971
6.957497370876951,4,4,4,21,8,9.320180837655714,https://urbania.pe/inmueble/clasificado/alclcain-alquiler-de-casa-en-la-planicie-la-molina-4-dormitorios-145610714
6.9650803456014065,4,4,3,13,5,7.824445930877619,https://urbania.pe/inmueble/clasificado/alclcain-alquiler-de-casa-en-cieneguilla-cieneguilla-4-dormitorios-63884206
6.966967138613983,3,4,4,21,8,9.970959267651141,https://urbania.pe/inmueble/clasificado/alclcain-alquiler-de-casa-en-la-molina-lima-3-dormitorios-145009799
6.970730078143525,3,3,7,21,8,9.893487720457795,https://urbania.pe/inmueble/clasificado/veclcain-venta-de-casa-en-la-molina-lima-3-dormitorios-4570668
6.9782137426306985,6,5,7,21,8,10.170609711022548,https://urbania.pe/inmueble/clasificado/alclcain-alquiler-de-casa-en-la-molina-lima-5-a-mas-dormitorios-145783843
6.980075940561763,3,4,3,35,6,8.922791623969637,https://urbania.pe/inmueble/clasificado/alclcain-alquiler-de-casa-en-de-lurin-lurin-3-dormitorios-145803039
6.985641817639208,4,4,4,21,8,10.007892611890918,https://urbania.pe/inmueble/clasificado/veclcain-venta-de-casa-en-la-pradera-la-molina-4-dormitorios-4428063
7.00397413672268,22,22,5,17,8,10.703716266952133,https://urbania.pe/inmueble/clasificado/alclcain-alquiler-de-casa-en-miraflores-lima-5-a-mas-dormitorios-144115564
7.01301578963963,5,3,6,21,8,9.423514392252901,https://urbania.pe/inmueble/clasificado/veclcain-venta-de-casa-en-rinconada-del-lago-la-molina-5-a-mas-dormitorios-145172261
7.01301578963963,5,4,6,21,8,9.468928284223587,https://urbania.pe/inmueble/clasificado/alclcain-alquiler-de-casa-en-rinconada-del-lago-la-molina-5-a-mas-dormitorios-145346891
7.025538314638521,4,3,3,35,6,8.909370405197466,https://urbania.pe/inmueble/clasificado/alclcain-alquiler-de-casa-en-paso-chico-lurin-4-dormitorios-144577659
7.048386408721883,4,3,3,21,8,9.564582358673212,https://urbania.pe/inmueble/clasificado/veclcain-venta-de-casa-en-la-planicie-la-molina-4-dormitorios-145706293
7.059617628291383,4,4,8,20,8,9.441531454869693,https://urbania.pe/inmueble/clasificado/veclcain-venta-de-casa-en-golf-los-incas-santiago-de-surco-4-dormitorios-145767329
7.064759027791802,5,4,3,13,5,9.328212292571072,https://urbania.pe/inmueble/clasificado/alclcain-alquiler-de-casa-en-cieneguilla-lima-5-a-mas-dormitorios-145578217
7.0909098220799835,15,7,8,26,8,10.514583760207204,https://urbania.pe/inmueble/clasificado/alclcain-alquiler-de-casa-en-jesus-maria-lima-5-a-mas-dormitorios-144070874
7.0909098220799835,3,5,4,20,8,10.614007941153417,https://urbania.pe/inmueble/clasificado/veclcain-venta-de-casa-en-las-casuarinas-santiago-de-surco-3-dormitorios-4554306
7.0909098220799835,5,6,8,21,8,9.477003077203888,https://urbania.pe/inmueble/clasificado/alclcain-alquiler-de-casa-en-la-planicie-la-molina-5-a-mas-dormitorios-144193537
7.0909098220799835,5,6,4,21,8,10.090008612393838,https://urbania.pe/inmueble/clasificado/alclcain-alquiler-de-casa-en-camacho-la-molina-5-a-mas-dormitorios-143482660
7.0967213784947605,4,5,3,20,8,10.101354320665545,https://urbania.pe/inmueble/clasificado/veclcain-venta-de-casa-en-santiago-de-surco-lima-4-dormitorios-145657896
7.121252453244542,4,4,4,20,8,9.390325868972589,https://urbania.pe/inmueble/clasificado/alclcain-alquiler-de-casa-en-santiago-de-surco-lima-4-dormitorios-143435346
7.1316985104669115,5,5,6,21,8,9.524493961633755,https://urbania.pe/inmueble/clasificado/alclcain-alquiler-de-casa-en-la-molina-vieja-la-molina-5-a-mas-dormitorios-145618537
7.1316985104669115,5,5,5,21,8,10.306315853989789,https://urbania.pe/inmueble/clasificado/alclcain-alquiler-de-casa-en-las-lagunas-la-molina-5-a-mas-dormitorios-145791870
7.1316985104669115,4,6,7,21,8,9.479680250180099,https://urbania.pe/inmueble/clasificado/alclcain-alquiler-de-casa-en-la-molina-lima-4-dormitorios-145362815
7.1316985104669115,4,3,2,13,5,9.392745258631441,https://urbania.pe/inmueble/clasificado/alclcain-alquiler-de-casa-en-cieneguilla-lima-4-dormitorios-145396391
7.1316985104669115,4,5,4,34,6,9.53791600808964,https://urbania.pe/inmueble/clasificado/alclcain-alquiler-de-casa-en-la-encantada-de-villa-chorrillos-4-dormitorios-143492167
7.1316985104669115,5,6,6,21,8,9.61587214452889,https://urbania.pe/inmueble/clasificado/alclcain-alquiler-de-casa-en-la-molina-vieja-la-molina-5-a-mas-dormitorios-145603849
7.156176637480615,4,4,5,21,8,9.841665338892785,https://urbania.pe/inmueble/clasificado/veclcain-venta-de-casa-en-rinconada-baja-la-molina-4-dormitorios-144836389
7.1693500166706,6,4,12,16,8,11.112462823634855,https://urbania.pe/inmueble/clasificado/alclcain-alquiler-de-casa-en-san-isidro-lima-5-a-mas-dormitorios-144461538
7.170888478512505,5,6,4,20,8,10.295563423525277,https://urbania.pe/inmueble/clasificado/alclcain-alquiler-de-casa-en-las-casuarinas-santiago-de-surco-5-a-mas-dormitorios-145010718
7.170888478512505,7,4,4,13,5,7.696667081526462,https://urbania.pe/inmueble/clasificado/alclcain-alquiler-de-casa-en-parcelacion-cieneguilla-cieneguilla-5-a-mas-dormitorios-63115128
7.170888478512505,4,3,2,21,8,9.616538544660177,https://urbania.pe/inmueble/clasificado/alclcain-alquiler-de-casa-en-rinconada-la-molina-4-dormitorios-145613676
7.170888478512505,3,3,4,34,6,9.524493961633755,https://urbania.pe/inmueble/clasificado/alclcain-alquiler-de-casa-en-la-encantada-de-villa-chorrillos-3-dormitorios-145757986
7.182352111885263,4,4,4,21,8,9.688188155244967,https://urbania.pe/inmueble/clasificado/alclcain-alquiler-de-casa-en-rinconada-del-lago-la-molina-4-dormitorios-145711223
7.193685818395112,4,3,4,16,8,10.178122378638475,https://urbania.pe/inmueble/clasificado/alclcain-alquiler-de-casa-en-san-isidro-lima-4-dormitorios-144719149
7.205635176410364,24,5,6,7,4,9.99884318585288,https://urbania.pe/inmueble/clasificado/alclcain-alquiler-de-casa-en-san-martin-de-porres-lima-5-a-mas-dormitorios-145169328
7.227662498728654,16,5,7,17,8,10.021315031649332,https://urbania.pe/inmueble/clasificado/alclcain-alquiler-de-casa-en-miraflores-lima-5-a-mas-dormitorios-144878265
7.2305631534092925,6,6,3,37,6,9.145908511816794,https://urbania.pe/inmueble/clasificado/alclcain-alquiler-de-casa-en-pucusana-lima-5-a-mas-dormitorios-145298042
7.237059026124737,5,3,5,21,8,9.431481920619719,https://urbania.pe/inmueble/clasificado/veclcain-venta-de-casa-en-el-remanso-la-molina-5-a-mas-dormitorios-4522392
7.244941546337007,7,7,0,21,8,9.839002363309719,https://urbania.pe/inmueble/clasificado/alclcain-alquiler-de-casa-en-camacho-la-molina-5-a-mas-dormitorios-4415666
7.260522598089852,5,6,10,21,8,10.53212287826962,https://urbania.pe/inmueble/clasificado/veclcain-venta-de-casa-en-la-planicie-la-molina-5-a-mas-dormitorios-144846317
7.313886831633462,5,5,3,21,8,9.83097062169695,https://urbania.pe/inmueble/clasificado/alclcain-alquiler-de-casa-en-la-molina-lima-5-a-mas-dormitorios-144714360
7.313886831633462,3,2,15,47,8,9.152287440527566,https://urbania.pe/inmueble/clasificado/alclcain-alquiler-de-casa-en-fundo-huaral-huaral-3-dormitorios-143624108
7.313886831633462,4,3,3,13,5,7.804251383528112,https://urbania.pe/inmueble/clasificado/alclcain-alquiler-de-casa-en-cieneguilla-lima-4-dormitorios-143178214
7.313886831633462,5,4,10,21,8,10.295563423525277,https://urbania.pe/inmueble/clasificado/alclcain-alquiler-de-casa-en-la-molina-lima-5-a-mas-dormitorios-145126012
7.313886831633462,4,6,4,37,6,9.245804036251752,https://urbania.pe/inmueble/clasificado/alclcain-alquiler-de-casa-en-pucusana-pucusana-4-dormitorios-4662024
7.365180126021013,7,7,2,21,8,9.272469743441732,https://urbania.pe/inmueble/clasificado/alclcain-alquiler-de-casa-en-la-estancia-la-molina-5-a-mas-dormitorios-141593296
7.3783837129967145,10,9,2,8,5,9.844321241866913,https://urbania.pe/inmueble/clasificado/alclcain-alquiler-de-casa-en-san-juan-de-lurigancho-lima-5-a-mas-dormitorios-145526578
7.433666540166168,4,3,5,21,8,9.661989075499939,https://urbania.pe/inmueble/clasificado/veclcain-venta-de-casa-en-la-estancia-la-molina-4-dormitorios-145152469
7.601402334583733,20,20,9,46,8,9.335385860950407,https://urbania.pe/inmueble/clasificado/alclcain-alquiler-de-casa-en-chilca-canete-5-a-mas-dormitorios-145395944
7.624130585661289,4,4,6,20,8,9.61587214452889,https://urbania.pe/inmueble/clasificado/alclcain-alquiler-de-casa-en-santiago-de-surco-lima-4-dormitorios-145010522
7.824445930877619,4,6,5,13,5,8.071218539969863,https://urbania.pe/inmueble/clasificado/alclcain-alquiler-de-casa-en-cieneguilla-cieneguilla-4-dormitorios-145707851
7.824445930877619,4,3,6,21,8,10.722407984014007,https://urbania.pe/inmueble/clasificado/veclcain-venta-de-casa-en-la-planicie-la-molina-4-dormitorios-144514446
7.937731775260109,5,3,6,13,5,8.006700845440367,https://urbania.pe/inmueble/clasificado/alclcain-alquiler-de-casa-en-cieneguilla-cieneguilla-5-a-mas-dormitorios-145707538
7.937731775260109,4,4,6,21,8,9.800845560564248,https://urbania.pe/inmueble/clasificado/veclcain-venta-de-casa-en-la-planicie-la-molina-4-dormitorios-145413975
7.9676267393338165,4,3,8,21,8,10.491301994830229,https://urbania.pe/inmueble/clasificado/alclcain-alquiler-de-casa-en-la-planicie-la-molina-4-dormitorios-144671043
8.071218539969863,4,5,7,20,8,10.92415631759022,https://urbania.pe/inmueble/clasificado/alclcain-alquiler-de-casa-en-santiago-de-surco-lima-4-dormitorios-145010677
8.150179269682326,4,3,8,21,8,9.468928284223587,https://urbania.pe/inmueble/clasificado/alclcain-alquiler-de-casa-en-la-planicie-la-molina-4-dormitorios-145717269
